{"count":1,"self":3836.7940608,"total":10447.9489622,"children":{"InitializeActuators":{"count":81,"self":0.0034208999999999997,"total":0.0034208999999999997,"children":null},"InitializeSensors":{"count":81,"self":0.0136958,"total":0.0136958,"children":null},"AgentInfo.ToProto":{"count":36870,"self":0.41373489999999996,"total":1.2214999,"children":{"GenerateSensorData":{"count":36870,"self":0.807765,"total":0.807765,"children":null}}},"AgentSendState":{"count":7322020,"self":34.9206368,"total":165.33260669999999,"children":{"CollectObservations":{"count":404492,"self":24.1144256,"total":24.1144252,"children":null},"WriteActionMask":{"count":404492,"self":83.35830399999999,"total":83.3583048,"children":null},"RequestDecision":{"count":404492,"self":5.190544,"total":22.9392402,"children":{"AgentInfo.ToProto":{"count":404492,"self":5.4609087999999995,"total":17.748696199999998,"children":{"GenerateSensorData":{"count":404492,"self":12.287787199999999,"total":12.287787199999999,"children":null}}}}}}},"DecideAction":{"count":7322020,"self":5388.8724992,"total":5388.8725926,"children":null},"AgentAct":{"count":7322020,"self":1055.7095936,"total":1055.7095789999998,"children":null}},"gauges":{"MirrorMode.CumulativeReward":{"count":36870,"max":12,"min":-8.1,"runningAverage":-0.3406039,"value":0.200000077,"weightedAverage":-0.234615713}},"metadata":{"timer_format_version":"0.1.0","start_time_seconds":"1752874711","unity_version":"2023.2.13f1","command_line_arguments":"C:\\Program Files\\Unity\\Hub\\Editor\\2023.2.13f1\\Editor\\Unity.exe -projectpath C:\\Users\\Yanna\\Documents\\GitHub\\MasterThesis\\MirrorMode -useHub -hubIPC -cloudEnvironment production","communication_protocol_version":"1.5.0","com.unity.ml-agents_version":"3.0.0","scene_name":"SelfPlay","end_time_seconds":"1752885159"}}